,Channel,Theta Power,Alpha Power,Beta Power,Engagement,Memory Commitment
0,EEG Channel Value: CP3,61135.994750829836,21180.790586795458,7784.008120885388,0.09456161448675378,0.30732428473951867
1,EEG Channel Value: C3,29781.669582877217,10503.94910782573,3518.939556319993,0.08734977072927735,0.3154281371826868
2,EEG Channel Value: F5,3004.1520880291796,433.3720466305485,30.50923972355639,0.008875352878526458,0.14280738435859477
3,EEG Channel Value: PO3,3005.3204755728057,432.13798612682314,30.593689536426737,0.008900089958119781,0.142341964438008
4,EEG Channel Value: PO4,3018.067625818283,439.6368809008117,33.53686292139828,0.009699169739990401,0.14406745124509326
5,EEG Channel Value: F6,2983.3284274052653,445.7334321333187,33.07046791472449,0.00964417361638803,0.1477700554873177
6,EEG Channel Value: C4,2991.6448705633907,441.3063700607968,31.327898818881078,0.009125646309262745,0.1459842359582271
7,EEG Channel Value: CP4,7049.986915137406,1880.5149951520027,583.6637911719615,0.06535621368598384,0.24634543385613894
